district,republican_voters,democrat_voters,total_voters,republican_pct,democrat_pct,net_advantage,net_advantage_pct,advantage_party,period
0,9,10,29,31.03448275862069,34.48275862068966,-1,-3.4482758620689653,Competitive/Swing,2022
1,17984,2306,31790,56.571248820383765,7.253853413022964,15678,49.317395407360806,Republican,2022
2,15054,1445,30164,49.90717411483888,4.790478716350616,13609,45.11669539848827,Republican,2022
3,18797,1977,31024,60.588576585869006,6.372485817431666,16820,54.21609076843734,Republican,2022
4,14667,3135,26266,55.84024975253179,11.935582121373638,11532,43.90466763115815,Republican,2022
5,18727,1931,34549,54.20417378216447,5.5891632174592605,16796,48.6150105647052,Republican,2022
6,17243,3813,31123,55.402756803650036,12.251389647527551,13430,43.15136715612248,Republican,2022
7,15181,3147,27750,54.70630630630631,11.34054054054054,12034,43.365765765765765,Republican,2022
8,17268,1913,31111,55.50448394458552,6.148950531966186,15355,49.35553341261933,Republican,2022
9,21532,2210,36837,58.45209979097103,5.999402774384451,19322,52.45269701658658,Republican,2022
10,13536,3812,28798,47.00326411556358,13.237030349329814,9724,33.76623376623377,Republican,2022
11,19333,1927,35585,54.32907123788113,5.415203034986652,17406,48.91386820289448,Republican,2022
12,22218,2533,37043,59.97894339011419,6.837999082147775,19685,53.14094430796642,Republican,2022
13,12890,1975,28672,44.956752232142854,6.8882533482142865,10915,38.06849888392857,Republican,2022
14,9699,2103,19654,49.34873308232421,10.700111936501475,7596,38.64862114582273,Republican,2022
15,17375,3307,30424,57.109518800946624,10.869708125164344,14068,46.23981067578228,Republican,2022
16,20711,1790,32400,63.922839506172835,5.5246913580246915,18921,58.398148148148145,Republican,2022
17,17535,4724,33915,51.702786377708975,13.928939997051453,12811,37.77384638065753,Republican,2022
18,20373,1629,31779,64.10837345416785,5.126026621353724,18744,58.98234683281412,Republican,2022
19,27759,5187,50767,54.67922075363918,10.217267122343255,22572,44.46195363129592,Republican,2022
20,19679,7119,36813,53.45665933230109,19.338277239018822,12560,34.118382093282264,Republican,2022
21,25263,3072,36579,69.06421717378824,8.398261297465758,22191,60.66595587632248,Republican,2022
22,6245,8861,20320,30.733267716535433,43.60728346456693,-2616,-12.874015748031495,Democrat,2022
23,15813,4215,28108,56.25800483848015,14.995730752810587,11598,41.26227408566956,Republican,2022
24,18206,4179,31213,58.32826066062218,13.388652164162368,14027,44.93960849645981,Republican,2022
25,14087,4352,25201,55.89857545335503,17.269155985873578,9735,38.629419467481455,Republican,2022
26,13724,5257,24701,55.56050362333509,21.28253916845472,8467,34.27796445488037,Republican,2022
27,5568,13028,26239,21.220320896375625,49.65128244216624,-7460,-28.430961545790616,Democrat,2022
28,14466,6807,29086,49.735267826445714,23.4030117582342,7659,26.332256068211514,Republican,2022
29,14064,4773,24952,56.36421930105803,19.12872715613979,9291,37.23549214491824,Republican,2022
30,17002,1755,31962,53.19441837181653,5.490895438333021,15247,47.70352293348351,Republican,2022
31,9784,18304,41617,23.509623471177644,43.982026575678205,-8520,-20.472403104500565,Democrat,2022
32,12972,4495,26293,49.336325257673145,17.09580496710151,8477,32.24052029057163,Republican,2022
33,17771,4709,30891,57.528082613058814,15.243922177980645,13062,42.28416043507818,Republican,2022
34,5191,4777,15749,32.96082290939108,30.33208457679853,414,2.6287383325925453,Competitive/Swing,2022
35,2297,9551,14690,15.63648740639891,65.01701837985023,-7254,-49.38053097345133,Democrat,2022
36,2751,9292,14728,18.6787072243346,63.09071156979902,-6541,-44.412004345464425,Democrat,2022
37,6623,7891,20352,32.54225628930818,38.77260220125786,-1268,-6.230345911949685,Democrat,2022
38,3135,9223,15403,20.353177952346947,59.877945854703626,-6088,-39.524767902356686,Democrat,2022
39,3162,8147,14308,22.09952474140341,56.94017332960581,-4985,-34.840648588202406,Democrat,2022
40,2813,10239,16670,16.874625074985,61.42171565686863,-7426,-44.54709058188362,Democrat,2022
41,5361,9127,18726,28.62864466517142,48.73972017515754,-3766,-20.111075509986115,Democrat,2022
42,2555,15281,22815,11.198772737234275,66.9778654394039,-12726,-55.77909270216963,Democrat,2022
43,12473,6868,29100,42.86254295532646,23.601374570446733,5605,19.261168384879728,Republican,2022
44,16485,4017,29940,55.06012024048096,13.416833667334668,12468,41.64328657314629,Republican,2022
45,7743,8504,25167,30.766479914173324,33.790280923431474,-761,-3.0238010092581558,Competitive/Swing,2022
46,3163,10561,23455,13.48539756981454,45.026646770411425,-7398,-31.541249200596887,Democrat,2022
47,8888,11013,31805,27.945291620814334,34.62663103285647,-2125,-6.681339412042132,Democrat,2022
48,7358,16425,36357,20.23819347030833,45.17699480155129,-9067,-24.938801331242953,Democrat,2022
49,3391,16553,32617,10.396419045283134,50.74960909954932,-13162,-40.35319005426618,Democrat,2022
50,2298,7868,17573,13.076879303476924,44.77323166220907,-5570,-31.696352358732145,Democrat,2022
51,1636,8622,17884,9.147841646164167,48.210691120554685,-6986,-39.06284947439052,Democrat,2022
52,13630,6118,30126,45.243311425346874,20.308039567151297,7512,24.93527185819558,Republican,2022
53,31475,3394,49470,63.62441883970082,6.860723670911664,28081,56.76369516878916,Republican,2022
54,7306,2725,16478,44.33790508556864,16.537201116640368,4581,27.80070396892827,Republican,2022
55,11476,3499,21540,53.27762302692665,16.244196843082637,7977,37.03342618384401,Republican,2022
56,16779,2559,30019,55.89460008661181,8.524601085978881,14220,47.36999900063294,Republican,2022
57,12825,3857,23886,53.69253956292389,16.147534120405258,8968,37.54500544251863,Republican,2022
58,16841,1927,27525,61.1843778383288,7.000908265213443,14914,54.18346957311535,Republican,2022
59,17520,1599,31109,56.31810730013822,5.1399916422900125,15921,51.17811565784821,Republican,2022
60,25913,1752,41109,63.03485854679024,4.261840472889148,24161,58.7730180739011,Republican,2022
61,14685,5359,27348,53.69679684071962,19.59558285797865,9326,34.101213982740965,Republican,2022
62,22072,2164,36183,61.001022579664486,5.980709172815963,19908,55.02031340684852,Republican,2022
63,12419,4726,23937,51.88202364540252,19.74349333667544,7693,32.13853030872708,Republican,2022
64,18357,4106,31958,57.4410163339383,12.848113148507418,14251,44.59290318543088,Republican,2022
65,15938,4795,28627,55.67471268382995,16.749921402871415,11143,38.92479128095854,Republican,2022
66,14360,5128,26896,53.390838786436646,19.06603212373587,9232,34.32480666270077,Republican,2022
67,14128,5291,27233,51.878235963720485,19.428634377409757,8837,32.44960158631073,Republican,2022
68,22325,1156,41003,54.44723556812916,2.8193059044460163,21169,51.62792966368315,Republican,2022
69,12010,1339,24396,49.22938186587965,5.488604689293327,10671,43.74077717658633,Republican,2022
70,10761,6022,24345,44.202094886013555,24.736085438488395,4739,19.46600944752516,Republican,2022
71,15461,1400,26168,59.08361357383063,5.350045857535922,14061,53.73356771629471,Republican,2022
72,16049,1249,26817,59.846366111048965,4.65749338106425,14800,55.18887272998471,Republican,2022
73,24272,5922,45696,53.11624649859944,12.959558823529411,18350,40.15668767507003,Republican,2022
74,6720,15335,28827,23.31147882193777,53.19665591285947,-8615,-29.885177090921704,Democrat,2022
75,1947,4289,9510,20.47318611987382,45.099894847528915,-2342,-24.6267087276551,Democrat,2022
76,7648,9632,22899,33.398838377221715,42.06297218219136,-1984,-8.66413380496965,Democrat,2022
77,1750,6409,14402,12.151090126371338,44.500763782807944,-4659,-32.34967365643661,Democrat,2022
78,5195,7163,19782,26.261247598827214,36.2096855727429,-1968,-9.94843797391568,Democrat,2022
79,3515,7498,18583,18.91513749125545,40.34870580638218,-3983,-21.433568315126728,Democrat,2022
80,7667,13377,29497,25.992473810896023,45.35037461436756,-5710,-19.35790080347154,Democrat,2022
81,8951,1127,16210,55.219000616903145,6.952498457742134,7824,48.266502159161014,Republican,2022
82,12673,974,20690,61.25181246979216,4.707588206863219,11699,56.54422426292896,Republican,2022
83,19928,1987,31340,63.58647096362476,6.340140395660497,17941,57.246330567964264,Republican,2022
84,9454,2436,17336,54.53391785879096,14.051684356252885,7018,40.48223350253807,Republican,2022
85,19733,4061,35993,54.82454921790348,11.282749423499014,15672,43.54179979440447,Republican,2022
86,16350,1216,28323,57.72693570596336,4.293330508773788,15134,53.43360519718956,Republican,2022
87,11479,1031,21591,53.165670881385765,4.775137788893521,10448,48.39053309249224,Republican,2022
88,15258,664,26081,58.50235803841877,2.545914650511867,14594,55.95644338790691,Republican,2022
89,13995,4916,26563,52.686067085796026,18.506945751609383,9079,34.179121334186654,Republican,2022
90,2723,3732,11702,23.26952657665356,31.891984276192105,-1009,-8.622457699538542,Democrat,2022
91,11430,2978,21281,53.709882054414734,13.993703303416194,8452,39.716178750998544,Republican,2022
92,4820,4343,13745,35.06729719898144,31.5969443433976,477,3.4703528555838483,Competitive/Swing,2022
93,9495,3445,20017,47.43468052155668,17.21037118449318,6050,30.2243093370635,Republican,2022
94,11909,4885,26451,45.02287248119164,18.468110846470832,7024,26.5547616347208,Republican,2022
95,2490,6895,15756,15.803503427265802,43.76110687991875,-4405,-27.957603452652958,Democrat,2022
96,10477,5344,24893,42.088137227332986,21.46788253725947,5133,20.620254690073516,Republican,2022
97,13088,5228,28692,45.61550257911613,18.22110692876063,7860,27.394395650355502,Republican,2022
98,18881,4384,32728,57.69066242972378,13.395257883158152,14497,44.29540454656563,Republican,2022
99,10561,3327,22058,47.87832079064285,15.082963097288966,7234,32.795357693353886,Republican,2022
100,897,5548,11081,8.094937280028878,50.06768342207381,-4651,-41.97274614204494,Democrat,2022
101,3630,5486,14613,24.84089509340998,37.54191473345651,-1856,-12.701019640046535,Democrat,2022
102,3631,4713,14415,25.189039195282692,32.69510926118627,-1082,-7.506070065903573,Democrat,2022
103,2336,4858,12821,18.220107635909834,37.89096014351455,-2522,-19.67085250760471,Democrat,2022
104,2057,3169,9595,21.4382490880667,33.02761855132882,-1112,-11.589369463262116,Democrat,2022
105,3484,3182,10757,32.38821232685693,29.58073812401227,302,2.8074742028446593,Competitive/Swing,2022
106,13595,4413,24963,54.46060169050194,17.67816368224973,9182,36.782438008252214,Republican,2022
107,2501,3006,9783,25.564755187570277,30.726770929162832,-505,-5.162015741592558,Competitive/Swing,2022
108,14343,9029,36590,39.199234763596614,24.676141022137195,5314,14.523093741459414,Republican,2022
109,2536,11516,21707,11.682867277836642,53.05201087206892,-8980,-41.36914359423228,Democrat,2022
110,571,4832,9671,5.904249819046634,49.96380932685348,-4261,-44.059559507806846,Democrat,2022
111,2730,11599,22732,12.009502023579095,51.02498680274503,-8869,-39.01548477916593,Democrat,2022
112,9451,6672,27002,35.00111102881268,24.70928079401526,2779,10.291830234797422,Republican,2022
113,4378,5320,15566,28.12540151612489,34.177052550430425,-942,-6.051651034305538,Competitive/Swing,2022
114,3678,7225,19437,18.92267325204507,37.171374183258735,-3547,-18.248700931213666,Democrat,2022
115,6376,5866,18838,33.84648051810171,31.139186750185793,510,2.707293767915915,Competitive/Swing,2022
116,4227,6390,16768,25.208730916030536,38.10830152671756,-2163,-12.899570610687022,Democrat,2022
117,4399,5212,15773,27.889431306663287,33.043809040765865,-813,-5.154377734102581,Competitive/Swing,2022
118,7509,5901,20171,37.226711615685886,29.254870854196614,1608,7.971840761489267,Republican,2022
119,4446,6737,17487,25.42460113226969,38.52576199462458,-2291,-13.101160862354892,Democrat,2022
120,3660,5873,15435,23.71234207968902,38.0498866213152,-2213,-14.337544541626174,Democrat,2022
121,16140,7769,34733,46.46877609190108,22.36777704200616,8371,24.100999049894913,Republican,2022
122,16638,7060,36092,46.098858472791754,19.561121578189073,9578,26.53773689460268,Republican,2022
123,5786,8115,22435,25.790060173835528,36.171161132159575,-2329,-10.381100958324046,Democrat,2022
124,2980,4838,12714,23.438728960201352,38.05254050652824,-1858,-14.613811546326883,Democrat,2022
125,7096,7957,22121,32.078115817548934,35.97034492111568,-861,-3.8922291035667467,Competitive/Swing,2022
126,9782,4040,23129,42.29322495568334,17.46724890829694,5742,24.825976047386398,Republican,2022
127,12713,5246,26502,47.96996453097879,19.794732473020904,7467,28.17523205795789,Republican,2022
128,10190,2781,18993,53.65134523245406,14.642236613489178,7409,39.00910861896488,Republican,2022
129,10946,5330,25942,42.19412535656464,20.545833012103923,5616,21.64829234446072,Republican,2022
130,12403,3333,23787,52.14192626224408,14.011855215033425,9070,38.13007104721066,Republican,2022
131,1309,6821,12375,10.577777777777778,55.11919191919192,-5512,-44.541414141414144,Democrat,2022
132,9822,4525,21062,46.633747982147945,21.484189535656633,5297,25.14955844649131,Republican,2022
133,13231,5127,27354,48.36952548073408,18.743145426628647,8104,29.626380054105432,Republican,2022
134,8553,11691,32944,25.962238950947064,35.48749392909179,-3138,-9.52525497814473,Democrat,2022
135,3940,3906,11860,33.22091062394604,32.934232715008434,34,0.2866779089376054,Competitive/Swing,2022
136,6644,6072,19818,33.52507821172671,30.638813200121103,572,2.886265011605611,Competitive/Swing,2022
137,2139,2662,7811,27.384457815900653,34.080143387530406,-523,-6.695685571629753,Competitive/Swing,2022
138,10676,4608,23028,46.36095188466215,20.01042209484106,6068,26.35052978982109,Republican,2022
139,2915,8693,17598,16.564382316172292,49.39765882486646,-5778,-32.83327650869417,Democrat,2022
140,1063,2039,5501,19.323759316487912,37.06598800218142,-976,-17.742228685693508,Competitive/Swing,2022
141,1033,5205,9464,10.915046491969568,54.99788672865596,-4172,-44.08284023668639,Democrat,2022
142,2036,6415,13071,15.576466987988676,49.07811185066177,-4379,-33.50164486267309,Democrat,2022
143,2150,3682,9034,23.798981624972328,40.75713969448749,-1532,-16.958158069515164,Democrat,2022
144,2810,2392,8846,31.76576983947547,27.040470269048157,418,4.725299570427312,Competitive/Swing,2022
145,2898,7129,16613,17.444170228134592,42.91217721061819,-4231,-25.468006982483598,Democrat,2022
146,2219,9016,18037,12.302489327493486,49.98613960192937,-6797,-37.683650274435884,Democrat,2022
147,2124,9328,17920,11.852678571428571,52.05357142857143,-7204,-40.200892857142854,Democrat,2022
148,3963,3825,12280,32.27198697068404,31.148208469055376,138,1.1237785016286646,Competitive/Swing,2022
149,3007,3882,10364,29.013894249324583,37.45658047086067,-875,-8.442686221536086,Competitive/Swing,2022
150,9545,3724,20593,46.35070169475065,18.083814888554365,5821,28.26688680619628,Republican,2022
1,17053,2141,29781,57.26134112353514,7.189147443000571,14912,50.07219368053457,Republican,2026
2,15054,1445,30164,49.90717411483888,4.790478716350616,13609,45.11669539848827,Republican,2026
3,2856,954,6175,46.25101214574899,15.449392712550608,1902,30.80161943319838,Republican,2026
4,22552,2308,38380,58.7597707139135,6.013548723293382,20244,52.746221990620114,Republican,2026
5,16039,2009,28636,56.009917586255064,7.0156446431065795,14030,48.99427294314849,Republican,2026
6,32128,6332,57552,55.824298026132894,11.002224075618573,25796,44.822073950514316,Republican,2026
7,3757,1881,10461,35.914348532645064,17.981072555205046,1876,17.933275977440015,Republican,2026
8,7279,756,13834,52.61674136186208,5.4647968772589275,6523,47.151944484603156,Republican,2026
9,20170,2353,35929,56.13849536586045,6.5490272481839185,17817,49.589468117676525,Republican,2026
11,8061,4417,20988,38.40766152086907,21.045359252906422,3644,17.362302267962644,Republican,2026
12,17907,4141,30971,57.81860450098479,13.370572471021278,13766,44.448032029963514,Republican,2026
13,14141,1530,24844,56.919175656094026,6.158428594429238,12611,50.76074706166479,Republican,2026
14,31375,8376,58233,53.87838510810021,14.383596929576017,22999,39.4947881785242,Republican,2026
15,1257,707,2641,47.59560772434684,26.77016281711473,550,20.82544490723211,Competitive/Swing,2026
16,5242,1593,10106,51.870176132990295,15.762913120918268,3649,36.10726301207204,Republican,2026
17,9142,2995,18447,49.558193744240256,16.23570228221391,6147,33.32249146202634,Republican,2026
18,12611,1108,19529,64.57575912745148,5.673613600286753,11503,58.90214552716473,Republican,2026
19,16427,1357,26787,61.32452308955837,5.065890170605145,15070,56.258632918953225,Republican,2026
21,6464,2165,14280,45.26610644257703,15.161064425770308,4299,30.10504201680672,Republican,2026
22,13748,2592,23306,58.98910151892217,11.121599588088904,11156,47.867501930833264,Republican,2026
23,11324,3917,22262,50.8669481627886,17.59500494115533,7407,33.27194322163328,Republican,2026
24,18206,4179,31213,58.32826066062218,13.388652164162368,14027,44.93960849645981,Republican,2026
25,4943,305,7540,65.55702917771883,4.045092838196287,4638,61.51193633952254,Republican,2026
26,13724,5257,24701,55.56050362333509,21.28253916845472,8467,34.27796445488037,Republican,2026
27,5568,13028,26239,21.220320896375625,49.65128244216624,-7460,-28.430961545790616,Democrat,2026
28,14466,6807,29086,49.735267826445714,23.4030117582342,7659,26.332256068211514,Republican,2026
29,3868,252,6170,62.6904376012966,4.084278768233387,3616,58.606158833063205,Republican,2026
30,14541,1294,24854,58.505673131085544,5.206405407580269,13247,53.299267723505274,Republican,2026
31,8100,15537,35017,23.131621783705057,44.36987748807722,-7437,-21.23825570437216,Democrat,2026
32,7098,770,11681,60.765345432754046,6.591901378306651,6328,54.173444054447394,Republican,2026
33,35490,15005,68541,51.77922703199545,21.89200624443764,20485,29.887220787557812,Republican,2026
34,15657,1363,26883,58.24126771565673,5.070118662351672,14294,53.171149053305065,Republican,2026
35,11159,5939,24464,45.61396337475474,24.27648790058862,5220,21.33747547416612,Republican,2026
36,10696,3552,20194,52.966227592354166,17.589382985045063,7144,35.376844607309096,Republican,2026
37,15897,8571,35340,44.983022071307296,24.25297113752122,7326,20.730050933786078,Republican,2026
38,6901,9429,22293,30.95590544116987,42.29578791548917,-2528,-11.339882474319293,Democrat,2026
39,15695,4646,28889,54.32863719754925,16.08224583751601,11049,38.246391360033236,Republican,2026
40,9126,2426,16533,55.19869352204682,14.673682937155991,6700,40.52501058489082,Republican,2026
41,16074,4687,29099,55.23901164988487,16.10708271761916,11387,39.131928932265716,Republican,2026
43,5945,474,9742,61.02443030178608,4.865530691849722,5471,56.15889960993636,Republican,2026
46,240,51,621,38.64734299516908,8.212560386473431,189,30.434782608695656,Competitive/Swing,2026
49,346,120,1038,33.33333333333333,11.560693641618498,226,21.772639691714836,Competitive/Swing,2026
51,231,23,770,30.0,2.987012987012987,208,27.01298701298701,Competitive/Swing,2026
53,16101,1432,25630,62.820912992586806,5.587202497073742,14669,57.233710495513066,Republican,2026
54,7519,2730,17029,44.15409008162546,16.031475717893006,4789,28.122614363732456,Republican,2026
55,11671,3503,22179,52.6218494972722,15.794219757428198,8168,36.827629739844,Republican,2026
56,5552,713,9895,56.10914603335018,7.205659423951491,4839,48.90348660939869,Republican,2026
57,12825,3857,23886,53.69253956292389,16.147534120405258,8968,37.54500544251863,Republican,2026
58,9304,1025,19063,48.80658867964119,5.376908146671563,8279,43.42968053296963,Republican,2026
59,4128,742,7748,53.278265358802265,9.576664945792462,3386,43.701600413009814,Republican,2026
60,24551,1628,38484,63.79534351938469,4.230329487579254,22923,59.56501403180543,Republican,2026
61,21641,5947,38470,56.25422407070445,15.458799064205875,15694,40.79542500649857,Republican,2026
62,8153,669,13667,59.654642569693415,4.895002560913149,7484,54.75964000878027,Republican,2026
63,12419,4726,23937,51.88202364540252,19.74349333667544,7693,32.13853030872708,Republican,2026
64,12176,3740,22582,53.91905057125144,16.56186343105128,8436,37.35718714020016,Republican,2026
65,15938,4795,28627,55.67471268382995,16.749921402871415,11143,38.92479128095854,Republican,2026
66,25190,6273,44196,56.99610824509005,14.193592180287808,18917,42.80251606480224,Republican,2026
67,31071,7091,54690,56.81294569391113,12.965807277381606,23980,43.84713841652953,Republican,2026
68,9197,1771,20646,44.54615906228809,8.577932771481159,7426,35.96822629080694,Republican,2026
69,1189,38,1845,64.44444444444444,2.059620596205962,1151,62.38482384823848,Republican,2026
70,26906,8281,51586,52.15756212925987,16.052805024619083,18625,36.1047571046408,Republican,2026
71,11867,959,19738,60.12260614043976,4.858648292633498,10908,55.26395784780627,Republican,2026
72,2177,173,3463,62.86456829338724,4.995668495524113,2004,57.86889979786313,Republican,2026
73,22619,3831,41114,55.01532324755558,9.317993870700978,18788,45.6973293768546,Republican,2026
74,3573,1291,7790,45.866495507060336,16.57252888318357,2282,29.293966623876766,Republican,2026
75,400,239,1021,39.17727717923604,23.408423114593536,161,15.768854064642507,Competitive/Swing,2026
76,7648,9632,22899,33.398838377221715,42.06297218219136,-1984,-8.66413380496965,Democrat,2026
77,6199,3056,14061,44.08648033568025,21.733873835431336,3143,22.352606500248914,Republican,2026
78,15170,4993,29806,50.8957927933973,16.751660739448432,10177,34.144132053948866,Republican,2026
79,7950,4671,19802,40.147459852540145,23.58852641147359,3279,16.558933441066557,Republican,2026
80,80,2453,3335,2.39880059970015,73.55322338830584,-2373,-71.1544227886057,Democrat,2026
81,12090,1337,21734,55.62712800220852,6.151651789822398,10753,49.47547621238612,Republican,2026
82,15862,1204,25917,61.20307134313385,4.645599413512366,14658,56.557471929621485,Republican,2026
83,7,252,403,1.7369727047146404,62.531017369727046,-245,-60.7940446650124,Competitive/Swing,2026
84,10,1029,1471,0.6798096532970768,69.9524133242692,-1019,-69.27260367097213,Democrat,2026
85,16628,3858,32304,51.47350173353145,11.942793462109956,12770,39.530708271421496,Republican,2026
86,13714,1069,23045,59.50965502278152,4.6387502712085045,12645,54.870904751573015,Republican,2026
87,6473,896,12050,53.71784232365145,7.435684647302905,5577,46.28215767634855,Republican,2026
88,3397,212,5633,60.30534351145038,3.7635363039233094,3185,56.54180720752707,Republican,2026
89,24688,6183,44246,55.797134204221855,13.97414455544004,18505,41.822989648781814,Republican,2026
90,2723,3732,11702,23.26952657665356,31.891984276192105,-1009,-8.622457699538542,Democrat,2026
91,11430,2978,21281,53.709882054414734,13.993703303416194,8452,39.716178750998544,Republican,2026
92,4820,4343,13745,35.06729719898144,31.5969443433976,477,3.4703528555838483,Competitive/Swing,2026
93,9495,3445,20017,47.43468052155668,17.21037118449318,6050,30.2243093370635,Republican,2026
94,11909,4885,26451,45.02287248119164,18.468110846470832,7024,26.5547616347208,Republican,2026
95,2490,6895,15756,15.803503427265802,43.76110687991875,-4405,-27.957603452652958,Democrat,2026
96,10477,5344,24893,42.088137227332986,21.46788253725947,5133,20.620254690073516,Republican,2026
97,13088,5228,28692,45.61550257911613,18.22110692876063,7860,27.394395650355502,Republican,2026
98,18881,4384,32728,57.69066242972378,13.395257883158152,14497,44.29540454656563,Republican,2026
99,10561,3327,22058,47.87832079064285,15.082963097288966,7234,32.795357693353886,Republican,2026
100,897,5548,11081,8.094937280028878,50.06768342207381,-4651,-41.97274614204494,Democrat,2026
101,3630,5486,14613,24.84089509340998,37.54191473345651,-1856,-12.701019640046535,Democrat,2026
102,3631,4713,14415,25.189039195282692,32.69510926118627,-1082,-7.506070065903573,Democrat,2026
103,2336,4858,12821,18.220107635909834,37.89096014351455,-2522,-19.67085250760471,Democrat,2026
104,2057,3169,9595,21.4382490880667,33.02761855132882,-1112,-11.589369463262116,Democrat,2026
105,3484,3182,10757,32.38821232685693,29.58073812401227,302,2.8074742028446593,Competitive/Swing,2026
106,13595,4413,24963,54.46060169050194,17.67816368224973,9182,36.782438008252214,Republican,2026
107,2501,3006,9783,25.564755187570277,30.726770929162832,-505,-5.162015741592558,Competitive/Swing,2026
108,14343,9029,36590,39.199234763596614,24.676141022137195,5314,14.523093741459414,Republican,2026
109,2536,11516,21707,11.682867277836642,53.05201087206892,-8980,-41.36914359423228,Democrat,2026
110,571,4832,9671,5.904249819046634,49.96380932685348,-4261,-44.059559507806846,Democrat,2026
111,2730,11599,22732,12.009502023579095,51.02498680274503,-8869,-39.01548477916593,Democrat,2026
112,9451,6672,27002,35.00111102881268,24.70928079401526,2779,10.291830234797422,Republican,2026
113,4378,5320,15566,28.12540151612489,34.177052550430425,-942,-6.051651034305538,Competitive/Swing,2026
114,3678,7225,19437,18.92267325204507,37.171374183258735,-3547,-18.248700931213666,Democrat,2026
115,6376,5866,18838,33.84648051810171,31.139186750185793,510,2.707293767915915,Competitive/Swing,2026
116,4227,6390,16768,25.208730916030536,38.10830152671756,-2163,-12.899570610687022,Democrat,2026
117,4399,5212,15773,27.889431306663287,33.043809040765865,-813,-5.154377734102581,Competitive/Swing,2026
118,7509,5901,20171,37.226711615685886,29.254870854196614,1608,7.971840761489267,Republican,2026
119,4446,6737,17487,25.42460113226969,38.52576199462458,-2291,-13.101160862354892,Democrat,2026
120,3660,5873,15435,23.71234207968902,38.0498866213152,-2213,-14.337544541626174,Democrat,2026
121,16140,7769,34733,46.46877609190108,22.36777704200616,8371,24.100999049894913,Republican,2026
122,16638,7060,36092,46.098858472791754,19.561121578189073,9578,26.53773689460268,Republican,2026
123,5786,8115,22435,25.790060173835528,36.171161132159575,-2329,-10.381100958324046,Democrat,2026
124,2980,4838,12714,23.438728960201352,38.05254050652824,-1858,-14.613811546326883,Democrat,2026
125,7096,7957,22121,32.078115817548934,35.97034492111568,-861,-3.8922291035667467,Competitive/Swing,2026
126,12297,7317,32501,37.835758899726166,22.51315344143257,4980,15.322605458293593,Republican,2026
127,15620,9045,36332,42.99240339095013,24.895409005835077,6575,18.09699438511505,Republican,2026
128,17896,10719,42526,42.08249071156469,25.20575647838969,7177,16.876734233174997,Republican,2026
129,22696,13771,56447,40.2076283947774,24.39633638634471,8925,15.81129200843269,Republican,2026
130,18822,10341,44143,42.63869696214576,23.426137779489387,8481,19.212559182656367,Republican,2026
131,9225,13202,33936,27.183521923620933,38.9026402640264,-3977,-11.719118340405469,Democrat,2026
132,12559,7674,30376,41.34514090071109,25.2633658151172,4885,16.08177508559389,Republican,2026
133,23156,15112,57298,40.413277950364765,26.374393521588885,8044,14.038884428775875,Republican,2026
134,21701,28858,78429,27.669612005763177,36.79506305065728,-7157,-9.125451044894108,Democrat,2026
135,5858,4393,15398,38.04390180542928,28.52967917911417,1465,9.514222626315105,Republican,2026
137,9837,9190,29447,33.4057798757089,31.208612082724898,647,2.197167792984005,Competitive/Swing,2026
138,18326,12283,46542,39.37518800223454,26.39121653560225,6043,12.983971466632289,Republican,2026
139,8948,17029,39296,22.770765472312704,43.33519951140065,-8081,-20.56443403908795,Democrat,2026
140,15753,11074,42316,37.22705359674828,26.169770299650253,4679,11.057283297098024,Republican,2026
141,23052,20977,66891,34.462035251379106,31.35997368853807,2075,3.10206156284104,Republican,2026
142,19892,20689,61787,32.19447456584719,33.48438992020975,-797,-1.289915354362568,Competitive/Swing,2026
143,14519,17996,48209,30.11678317326641,37.32912941566927,-3477,-7.212346242402871,Democrat,2026
144,17656,12305,44909,39.31505934222539,27.39985303613975,5351,11.91520630608564,Republican,2026
145,21619,27121,74924,28.85457263360205,36.19801398750734,-5502,-7.34344135390529,Democrat,2026
146,13951,20908,53540,26.057153530070977,39.05117669032499,-6957,-12.994023160254015,Democrat,2026
147,19106,26735,69339,27.55447872048919,38.55694486508314,-7629,-11.002466144593951,Democrat,2026
148,9711,10299,30790,31.539460863916855,33.449171809028904,-588,-1.9097109451120493,Competitive/Swing,2026
149,5834,5129,16525,35.304084720121025,31.03782148260212,705,4.266263237518911,Competitive/Swing,2026
150,13991,8118,33925,41.240972733972,23.929255711127485,5873,17.311717022844512,Republican,2026
